images,price,title
https://dei.com.sg/images/thumbnails/300/300/detailed/23/100_plus_carton.png,12.50,100 Plus 330ml X 24 Can
https://dei.com.sg/images/thumbnails/300/300/product/24/Ah_Huat_Coffee_White_Extra_Rich_15'sx40g.png,6.30,Ah Huat Coffee White Extra Rich 15'sx40g
https://dei.com.sg/images/thumbnails/300/300/product/19/0125.png,1.83,Goodday Rich Butter
https://dei.com.sg/images/thumbnails/300/300/detailed/13/jothi-0304.png,6.80,Boost - Pkt
https://dei.com.sg/images/thumbnails/300/300/product/20/Haldirams_Chanajorgaram_(200g).png,1.80,Haldirams Chanajorgaram (200g)
https://dei.com.sg/images/thumbnails/300/300/detailed/24/Lipton_Teabags_Yellow_Label_100's.jpg.png,5.65,Lipton Teabags Yellow Label 100's
https://dei.com.sg/images/thumbnails/300/300/product/24/Nescafe_Dolce_Gusto_Chococino_8s.png,12.10,Nescafe Dolce Gusto Chococino 8s
https://dei.com.sg/images/thumbnails/300/300/product/19/large-britannia_chocolate_wafers.png,1.05,Britannia Wafer Choco (DU)
https://dei.com.sg/images/thumbnails/300/300/product/5/ambikas_0128.png,1.70,H.Murukku
https://dei.com.sg/images/thumbnails/300/300/detailed/26/Ah_Huat_Coffee_White_Extra_Rich_15sx40g.png,0.80,Amul Lassi 250ml
https://dei.com.sg/images/thumbnails/300/300/product/5/ambikas_0277.png,0.65,Appy Fizz - Apple Drink
https://dei.com.sg/images/thumbnails/300/300/detailed/12/9122211331404884646.png,0.72,B.Date Roll
https://dei.com.sg/images/thumbnails/300/300/product/5/ambikas_0071.png,0.72,B.Fig Roll
https://dei.com.sg/images/thumbnails/300/300/product/5/ambikas_0146.png,2.36,GRB bombay halwa
https://dei.com.sg/images/thumbnails/300/300/product/5/ambikas_0142.png,2.23,GRB Gulabjamun Tin
https://dei.com.sg/images/thumbnails/300/300/detailed/25/ambikas_0140.png,2.23,GRB Rasagolla Tin
https://dei.com.sg/images/thumbnails/300/300/detailed/9/ambikas_0138.png,1.70,GRB Soan Pappadi (Cardamon)
https://dei.com.sg/images/thumbnails/300/300/detailed/13/jothi-0312.png,7.70,Bourn Vita
https://dei.com.sg/images/thumbnails/300/300/product/3/Essence_of_Chicken.png,22.00,Brands Essence Of Chicken
https://dei.com.sg/images/thumbnails/300/300/product/19/0084.png,0.46,Britannia 50-50 (DU) 62g
https://dei.com.sg/images/thumbnails/300/300/product/19/0095.png,2.88,Britannia Fruit Cake (DU) 135g
https://dei.com.sg/images/thumbnails/300/300/product/20/Haldirams_Hara_Chiwda_(200g).png,1.80,Haldirams Hara Chiwda (200g)
https://dei.com.sg/images/thumbnails/300/300/product/20/Haldirams_Khatta_Meetha_(200g).png,1.80,Haldirams Khatta Meetha (200g)
https://dei.com.sg/images/thumbnails/300/300/product/19/0131.png,0.85,Little Hearts 75g
https://dei.com.sg/images/thumbnails/300/300/product/20/Dasmesh0119.png,4.70,Malika Gulabjamun (1kg)
https://dei.com.sg/images/thumbnails/300/300/product/20/Dasmesh0120.png,4.70,Malika Rasgulla (1kg)
https://dei.com.sg/images/thumbnails/300/300/product/20/Dasmesh0121.png,4.70,Malika Rasmalai (1kg)
https://dei.com.sg/images/thumbnails/300/300/product/24/Nescafe_Dolce_Gusto_Cortado_16s.png,12.10,Nescafe Dolce Gusto Cortado 16s
https://dei.com.sg/images/thumbnails/300/300/product/24/Nescafe_Dolce_Gusto_Espresso_16s.png,12.10,Nescafe Dolce Gusto Espresso 16s
https://dei.com.sg/images/thumbnails/300/300/product/24/Nescafe_Dolce_Gusto_Espresso_Intenso_16s.png,12.10,Nescafe Dolce Gusto Espresso Intenso 16s
https://dei.com.sg/images/thumbnails/300/300/product/19/0092.png,2.49,Britannia Wafer Hazelnut
https://dei.com.sg/images/thumbnails/300/300/product/19/hazelnut.png,1.05,Britannia Wafer Hazelnut (DU)
https://dei.com.sg/images/thumbnails/300/300/product/19/0093.png,2.49,Britannia Wafer Milk CRL
https://dei.com.sg/images/thumbnails/300/300/detailed/9/ambikas_0123.png,1.44,H.Punjabi Tadka
https://dei.com.sg/images/thumbnails/300/300/product/5/ambikas_0124.png,1.44,H.South Indian Mixture
https://dei.com.sg/images/thumbnails/300/300/detailed/9/ambikas_0125.png,1.44,H.Tasty Nuts
https://dei.com.sg/images/thumbnails/300/300/product/20/Haldirams_All_in_One_(200g).png,1.80,Haldirams All in One (200g)
https://dei.com.sg/images/thumbnails/300/300/product/20/Haldirams_Allo_Bhujiya_(200g).png,1.80,Haldirams Allo Bhujiya (200g)
https://dei.com.sg/images/thumbnails/300/300/detailed/8/ambikas_0072.png,1.80,B.Milk Rusk
https://dei.com.sg/images/thumbnails/300/300/product/5/ambikas_0035.png,1.85,B.Suji Toast 350g
https://dei.com.sg/images/thumbnails/300/300/product/5/ambikas_0039.png,0.52,B.Vita Marie (DU) 75g
https://dei.com.sg/images/thumbnails/300/300/product/5/ambikas_0067.png,1.57,B.Wheat Rusk 335g
https://dei.com.sg/images/thumbnails/300/300/product/24/Pokka_Chrysanthemum_White_Tea_250ml_X6.png,2.60,Pokka Chrysanthemum White Tea 250ml X6
https://dei.com.sg/images/thumbnails/300/300/detailed/24/Pokka_Lychee_Tea_1500ml.png,2.05,Pokka Lychee Tea 1500ml
https://dei.com.sg/images/thumbnails/300/300/product/24/Pringles_Potato_Chips_BBQ_169g.png,2.65,Pringles Potato Chips BBQ 169g
https://dei.com.sg/images/thumbnails/300/300/detailed/29/1473_Ritz_sandwich_cheese_324g.png,3.10,Ritz sandwich cheese 324g
https://dei.com.sg/images/thumbnails/300/300/product/5/ambikas_0148.png,1.20,H Banana Chips (Y Salt)
https://dei.com.sg/images/thumbnails/300/300/product/5/ambikas_0130.png,2.09,H Coconut Soan Papdi 250g
https://dei.com.sg/images/thumbnails/300/300/product/5/ambikas_0159.png,2.23,H Soan Cake
https://dei.com.sg/images/thumbnails/300/300/product/5/ambikas_0162.png,2.09,H Soan Papdi Natural Cardomam 250g
https://dei.com.sg/images/thumbnails/300/300/product/24/Yeos_Chrysanthemum_Tea_300ml.png,16.32,Yeos Chrysanthemum Tea 300ml x 24
https://dei.com.sg/images/thumbnails/300/300/product/24/Nescafe_Dolce_Gusto_Vanilla_Latte_Macchiato_8s.png,12.10,Nescafe Dolce Gusto Vanilla Latte Macchiato 8s
https://dei.com.sg/images/thumbnails/300/300/product/5/ambikas_0028.png,0.65,Britannia Jim Jam
https://dei.com.sg/images/thumbnails/300/300/product/19/0096.png,0.52,Britannia Maska Chaska (DU) 62g
https://dei.com.sg/images/thumbnails/300/300/product/19/0097.png,2.36,Britannia Milk Bikis (DU) 90g x 6
https://dei.com.sg/images/thumbnails/300/300/product/19/0099.png,0.35,Britannia Nicetime (DU) 50g
https://dei.com.sg/images/thumbnails/300/300/product/19/0100.png,0.80,Britannia Suji Toast 170g
https://dei.com.sg/images/thumbnails/300/300/product/20/Haldirams_Long_Sev_(200g).png,1.80,Haldirams Long Sev (200g)
https://dei.com.sg/images/thumbnails/300/300/product/20/Haldirams_Madrasi_Mixture_(200g).png,1.80,Haldirams Madrasi Mixture (200g)
https://dei.com.sg/images/thumbnails/300/300/product/20/Haldirams_Mathri_(200g).png,1.80,Haldirams Mathri (200g)
https://dei.com.sg/images/thumbnails/300/300/product/20/Haldirams_Murukku_(200g).png,1.80,Haldirams Murukku (200g)
https://dei.com.sg/images/thumbnails/300/300/detailed/9/ambikas_0272.png,4.32,Mango Pulp Swad
https://dei.com.sg/images/thumbnails/300/300/product/19/0132.png,0.65,Marie Gold 250g
https://dei.com.sg/images/thumbnails/300/300/product/24/MIRINDA_Orange__330ml_can.png,18.00,MIRINDA Orange 330ml can x 24
https://dei.com.sg/images/thumbnails/300/300/product/24/Nescafe_Dolce_Gusto_Grande_Intenso_16s.png,12.10,Nescafe Dolce Gusto Grande Intenso 16s
https://dei.com.sg/images/thumbnails/300/300/product/24/Nescafe_Dolce_Gusto_Green_Tea_Latte_8s.png,12.10,Nescafe Dolce Gusto Green Tea Latte 8s
https://dei.com.sg/images/thumbnails/300/300/product/24/Nescafe_Dolce_Gusto_Ice_Peach_Tea_16s.png,12.10,Nescafe Dolce Gusto Ice Peach Tea 16s
https://dei.com.sg/images/thumbnails/300/300/product/19/britannia-milk-caramel-flavoured-wafer-175g.png,1.05,Britannia Wafer Milk Crl (DU)
https://dei.com.sg/images/thumbnails/300/300/product/19/0117.png,1.18,Britannia Wheat Rusk 235g
https://dei.com.sg/images/thumbnails/300/300/detailed/13/jothi-1163.png,8.90,Cadbury Bourn Vita Pro Health Vitamins 500g
https://dei.com.sg/images/thumbnails/300/300/detailed/23/coca_cola_carton.png,12.50,Coca Cola 330ml X 24 Can
https://dei.com.sg/images/thumbnails/300/300/product/20/Haldirams_Bhelpuri_(200g).png,1.80,Haldirams Bhelpuri (200g)
https://dei.com.sg/images/thumbnails/300/300/product/20/Haldirams_Bhujiya_(200g).png,1.80,Haldirams Bhujiya (200g)
https://dei.com.sg/images/thumbnails/300/300/product/20/Haldirams_Bhujiya_Plain_(200g).png,1.80,Haldirams Bhujiya Plain (200g)
https://dei.com.sg/images/thumbnails/300/300/product/5/ambikas_0038.png,13.20,Banarasi Mint A Minty Mouth Freshener
https://dei.com.sg/images/thumbnails/300/300/product/20/1000000210101_0004.png,7.30,Boost - Jar (500g)
https://dei.com.sg/images/thumbnails/300/300/product/24/Pokka_Chrysanthemum_White_Tea_300ml.png,16.80,Pokka Chrysanthemum White Tea 300ml x 24
https://dei.com.sg/images/thumbnails/300/300/product/24/Pokka_Green_Tea_250ml_X6.png,2.60,Pokka Green Tea 250ml X6
https://dei.com.sg/images/thumbnails/300/300/product/24/Pokka_Guava_Fruit_Juice_250ml_X6.png,2.60,Pokka Guava Fruit Juice 250ml X6
https://dei.com.sg/images/thumbnails/300/300/detailed/24/Pokka_Honey_Green_Tea_1500ml.png,2.05,Pokka Honey Green Tea 1500ml
https://dei.com.sg/images/thumbnails/300/300/product/24/Pokka_Mixed_Berries___Carrot_Juice_250ml_X6.png,3.65,Pokka Mixed Berries + Carrot Juice 250ml X6
https://dei.com.sg/images/thumbnails/300/300/product/24/Pokka_Natsbee_Honey_Lemon_Drink_1500ml.png,2.05,Pokka Natsbee Honey Lemon Drink 1500ml
https://dei.com.sg/images/thumbnails/300/300/product/24/Pokka_Natsbee_Honey_Lemon_Drink_250ml_X6.png,2.60,Pokka Natsbee Honey Lemon Drink 250ml X6
https://dei.com.sg/images/thumbnails/300/300/product/24/Pringles_Potato_Chips_Cheddar_Cheese_169g.png,2.65,Pringles Potato Chips Cheddar Cheese 169g
https://dei.com.sg/images/thumbnails/300/300/product/24/Pringles_Potato_Chips_Original_161g.png,2.65,Pringles Potato Chips Original 161g
https://dei.com.sg/images/thumbnails/300/300/detailed/24/Pringles_Potato_Chips_Sour_Cream_Onion_169g.png,2.65,Pringles Potato Chips Sour Cream & Onion 169g
https://dei.com.sg/images/thumbnails/300/300/product/24/Season_Ice_Lemon_Tea_300ml.png,16.80,Seasons Ice Lemon Tea 300ml x 24
https://dei.com.sg/images/thumbnails/300/300/product/19/TruffinoAssorted.png,14.00,"Truffino Truffle Chocolate with Coconut, Hazelnut and Almond Mixed Chocolate"
https://dei.com.sg/images/thumbnails/300/300/product/19/BitChocWHazelnuts.png,2.00,Volume Bitter Chocolate with Hazelnuts
https://dei.com.sg/images/thumbnails/300/300/detailed/9/ambikas_0160.png,1.44,H.Channa nuts
https://dei.com.sg/images/thumbnails/300/300/product/5/ambikas_0113.png,1.57,H.Corn Flakes
https://dei.com.sg/images/thumbnails/300/300/product/5/ambikas_0115.png,1.44,H.Masala Channa
https://dei.com.sg/images/thumbnails/300/300/detailed/24/Yeos_Chrysanthemum_Tea_Light_250ml_X6.png,2.60,Yeos Chrysanthemum Tea Light 250ml X6
https://dei.com.sg/images/thumbnails/300/300/product/24/Yeos_Grass_Jelly_Drink_300ml.png,16.32,Yeos Grass Jelly Drink 300ml x 24
https://dei.com.sg/images/thumbnails/300/300/product/24/YEOS_H20_Original_300ml_Non-sparkling.png,16.32,YEOS H20 Original 300ml Non-sparkling x 24
https://dei.com.sg/images/thumbnails/300/300/product/24/[NESCAFE]_Ready_to_Drink_Canned_Coffee_White_Coffee_4x_240ml.png,6.20,NESCAFE Ready to Drink Canned Coffee White Coffee 4x 240ml
https://dei.com.sg/images/thumbnails/300/300/detailed/24/NESCAFE®_CLASSIC_Jar_200g.png,10.10,NESCAFE® CLASSIC Jar 200g
https://dei.com.sg/images/thumbnails/300/300/detailed/23/NESCAFE_GOLD_Creamy_Latte_Premix_Coffee_12_x_33g.png,6.70,NESCAFE® GOLD Creamy Latte Premix Coffee 12 x 33g
https://dei.com.sg/images/thumbnails/300/300/product/19/0110.png,2.88,Britannia Vanilla Cake 250g
https://dei.com.sg/images/thumbnails/300/300/product/19/0091.png,2.49,Britannia Wafer Choco
https://dei.com.sg/images/thumbnails/300/300/product/20/Haldirams_Navrattan_(200g).png,1.80,Haldirams Navrattan (200g)
https://dei.com.sg/images/thumbnails/300/300/product/20/Haldirams_Nimbu_Masala_(200g).png,1.80,Haldirams Nimbu Masala (200g)
https://dei.com.sg/images/thumbnails/300/300/product/20/Haldirams_Nut_Cracker_(100g).png,1.80,Haldirams Nut Cracker (100g)
https://dei.com.sg/images/thumbnails/300/300/product/20/Haldirams_Samosa_(200g).png,1.80,Haldirams Samosa (200g)
https://dei.com.sg/images/thumbnails/300/300/detailed/13/jothi-0318.png,14.60,Mother Horlicks - Pkt
https://dei.com.sg/images/thumbnails/300/300/product/24/Nescafe_Dolce_Gusto_Cafe_Au_Lait_16s.png,12.10,Nescafe Dolce Gusto Cafe Au Lait 16s
https://dei.com.sg/images/thumbnails/300/300/product/24/Nescafe_Dolce_Gusto_Cappuccino_8s.png,12.10,Nescafe Dolce Gusto Cappuccino 8s
https://dei.com.sg/images/thumbnails/300/300/product/24/Nescafe_Dolce_Gusto_Latte_Macchiato_8s.png,12.10,Nescafe Dolce Gusto Latte Macchiato 8s
https://dei.com.sg/images/thumbnails/300/300/product/24/Nescafe_Dolce_Gusto_Lungo_16s.png,12.10,Nescafe Dolce Gusto Lungo 16s
https://dei.com.sg/images/thumbnails/300/300/product/24/Nescafe_Dolce_Gusto_Mocha_8s.png,12.10,Nescafe Dolce Gusto Mocha 8s
https://dei.com.sg/images/thumbnails/300/300/product/24/Nescafe_Dolce_Gusto_Ristretto_Ardenza_16s.png,12.10,Nescafe Dolce Gusto Ristretto Ardenza 16s
https://dei.com.sg/images/thumbnails/300/300/product/21/1000000210491_0001.png,12.90,Dubani Baklava bites 150 Gms (15 Pcs)
https://dei.com.sg/images/thumbnails/300/300/product/19/0121.png,0.80,Goodday Butter 75g
https://dei.com.sg/images/thumbnails/300/300/product/19/0123.png,0.80,Goodday Cashew 75g
https://dei.com.sg/images/thumbnails/300/300/product/20/Haldirams_Bombay_Mixture_(200g).png,1.80,Haldirams Bombay Mixture (200g)
https://dei.com.sg/images/thumbnails/300/300/product/20/Haldirams_Boondhi_Masala_(200g).png,1.80,Haldirams Boondhi Masala (200g)
https://dei.com.sg/images/thumbnails/300/300/product/20/Haldirams_Boondhi_Plain_(200g).png,1.80,Haldirams Boondhi Plain (200g)
https://dei.com.sg/images/thumbnails/300/300/product/24/Pokka_Honey_Green_Tea_250ml_X6.png,2.60,Pokka Honey Green Tea 250ml X6
https://dei.com.sg/images/thumbnails/300/300/product/24/Pokka_Jasmine_Green_Tea_300ml.png,16.80,Pokka Jasmine Green Tea 300ml x 24
https://dei.com.sg/images/thumbnails/300/300/product/24/Pokka_Jasmine_Green_Tea_No_Sugar_1500ml.png,2.05,Pokka Jasmine Green Tea No Sugar 1500ml
https://dei.com.sg/images/thumbnails/300/300/product/24/Pokka_Kickapoo_Joy_Juice_325ml.png,16.80,Pokka Kickapoo Joy Juice 325ml x 24
https://dei.com.sg/images/thumbnails/300/300/product/24/Pokka_Oolong_Tea_1500ml.png,2.05,Pokka Oolong Tea 1500ml
https://dei.com.sg/images/thumbnails/300/300/product/24/Pokka_Oolong_Tea_250ml_X6.png,2.60,Pokka Oolong Tea 250ml X6
https://dei.com.sg/images/thumbnails/300/300/product/24/Pokka_Peach_Tea_1500ml.png,2.05,Pokka Peach Tea 1500ml
https://dei.com.sg/images/thumbnails/300/300/detailed/23/red_bull_carton.png,17.10,Redbull 250ml X 24 Can
https://dei.com.sg/images/thumbnails/300/300/detailed/24/Ribena_Packet_Drinks_Blackcurrant___Glucose_6'sx200ml.png,3.60,Ribena Packet Drinks Blackcurrant & Glucose 6'sx200ml
https://dei.com.sg/images/thumbnails/300/300/detailed/24/Ribena_Packet_Drinks_Blackcurrant_Strawberry_6'sx200ml.png,3.60,Ribena Packet Drinks Blackcurrant & Strawberry 6'sx200ml
https://dei.com.sg/images/thumbnails/300/300/product/19/BitChocWPistachio.png,2.00,Volume Bitter Chocolate with Pistachio
https://dei.com.sg/images/thumbnails/300/300/product/19/MilkChocWAlmond.png,2.00,Volume Milk Chocolate with Almond
https://dei.com.sg/images/thumbnails/300/300/product/19/MilkChocWHazelnuts.png,2.00,Volume Milk Chocolate with Hazelnuts
https://dei.com.sg/images/thumbnails/300/300/product/19/MilkChocWPistachio.png,2.00,Volume Milk Chocolate with Pistachio
https://dei.com.sg/images/thumbnails/300/300/product/19/AssortedChoc1.png,14.00,Volume Pralines Assorted Chocolate
https://dei.com.sg/images/thumbnails/300/300/detailed/24/YEOS_H2O_Sparkling_Original_325ml.png,16.32,YEOS H2O Sparkling Original 325ml x 24
https://dei.com.sg/images/thumbnails/300/300/product/24/Yeos_Ice_Green_Tea_1500ml_Single.png,1.90,Yeos Ice Green Tea 1500ml Single
https://dei.com.sg/images/thumbnails/300/300/product/24/Yeos_Iced_Lemon_Tea_1500ml_Single.png,1.90,Yeos Iced Lemon Tea 1500ml Single
https://dei.com.sg/images/thumbnails/300/300/product/24/Yeos_Iced_Lemon_Tea_250ml_X6.png,2.60,Yeos Iced Lemon Tea 250ml X6
https://dei.com.sg/images/thumbnails/300/300/detailed/23/NESCAFE®_GOLD_Dark_Latte_Premix_Coffee_12_x_34g.png,6.70,NESCAFE® GOLD Dark Latte Premix Coffee 12 x 34g
https://dei.com.sg/images/thumbnails/300/300/detailed/23/NESCAFE®_Gold_Jar_200g.png,15.10,NESCAFE® Gold Jar 200g
https://dei.com.sg/images/thumbnails/300/300/product/5/ambikas_0044.png,1.44,Nutri Choice Oats 150g
https://dei.com.sg/images/thumbnails/300/300/product/20/Haldirams_Soan_Papdi_(250g).png,2.10,Haldirams Soan Papdi (250g)
https://dei.com.sg/images/thumbnails/300/300/product/24/Nescafe_Dolce_Gusto_Chai_Tea_Latte_8s.png,12.10,Nescafe Dolce Gusto Chai Tea Latte 8s
https://dei.com.sg/images/thumbnails/300/300/product/24/Nescafe_Dolce_Gusto_Tea_Latte_8s.png,12.10,Nescafe Dolce Gusto Tea Latte 8s
https://dei.com.sg/images/thumbnails/300/300/product/19/0124.png,0.80,Goodday Pista Badam 75g
https://dei.com.sg/images/thumbnails/300/300/product/24/Pokka_Lemon_Tea_1500ml.png,2.05,Pokka Lemon Tea 1500ml
https://dei.com.sg/images/thumbnails/300/300/product/24/Pokka_Lemon_Tea_250ml_X6.png,2.60,Pokka Lemon Tea 250ml X6
https://dei.com.sg/images/thumbnails/300/300/product/24/Pokka_Lemon_Tea_300ml.png,16.80,Pokka Lemon Tea 300ml x 24
https://dei.com.sg/images/thumbnails/300/300/product/24/Pokka_Peach_Tea_250mlX6.png,2.60,Pokka Peach Tea 250mlX6
https://dei.com.sg/images/thumbnails/300/300/product/24/Pokka_Peach_Tea_300ml.png,16.80,Pokka Peach Tea 300ml x 24
https://dei.com.sg/images/thumbnails/300/300/product/24/Pokka_Plenish_Sports_Water_300ml.png,16.80,Pokka Plenish Sports Water 300ml x 24
https://dei.com.sg/images/thumbnails/300/300/detailed/24/Ribena_Packet_Drinks_Blackcurrant_6'sx200ml.png,3.60,Ribena Packet Drinks Blackcurrant 6'sx200ml
https://dei.com.sg/images/thumbnails/300/300/product/24/Ribena_Packet_Drinks_Blackcurrant_Less_Sweet_6'sx200ml.png,3.60,Ribena Packet Drinks Blackcurrant Less Sweet 6'sx200ml
https://dei.com.sg/images/thumbnails/300/300/product/24/Yeos_Chrysanthemum_Luo_Han_Guo_Tea_250mlX6.png,2.60,Yeos Chrysanthemum Luo Han Guo Tea 250mlX6
https://dei.com.sg/images/thumbnails/300/300/product/24/Yeos_Chrysanthemum_Tea_1500ml_Single.png,1.90,Yeos Chrysanthemum Tea 1500ml Single
https://dei.com.sg/images/thumbnails/300/300/product/24/YEOS_Chrysanthemum_Tea_250mlX6.png,2.60,YEOS Chrysanthemum Tea 250mlX6
https://dei.com.sg/images/thumbnails/300/300/product/24/Yeos_Iced_Peach_Tea_1500ml_Single.png,1.90,Yeos Iced Peach Tea 1500ml Single
https://dei.com.sg/images/thumbnails/300/300/detailed/24/Yeos_Japanese_Green_Tea_1500ml_Single.png,1.90,Yeos Japanese Green Tea 1500ml Single
https://dei.com.sg/images/thumbnails/300/300/product/24/Yeos_Jasmine_Green_Tea_250ml_X6.png,2.60,Yeos Jasmine Green Tea 250ml X6
https://dei.com.sg/images/thumbnails/300/300/product/24/YEOS_Justea_Green_tea_Lemon_250ml_X6.png,2.60,YEOS Justea Green tea Lemon 250ml X6
https://dei.com.sg/images/thumbnails/300/300/product/5/ambikas_0043.png,1.44,Nutri Choice Ragi
https://dei.com.sg/images/thumbnails/300/300/detailed/23/pepsi_carton.png,12.20,Pepsi 330ml X 24 Can
https://dei.com.sg/images/thumbnails/300/300/product/24/PEPSI_Light_330ml_can.png,18.00,PEPSI Light 330ml can x 24
https://dei.com.sg/images/thumbnails/300/300/product/24/Pokka_Soursop_Drink_250ml_X6.png,2.60,Pokka Soursop Drink 250ml X6
https://dei.com.sg/images/thumbnails/300/300/product/24/Pokka_Sparkling_Apple_Drink_325ml.png,16.80,Pokka Sparkling Apple Drink 325ml x 24
https://dei.com.sg/images/thumbnails/300/300/detailed/29/1471_Ritz_plain_crackers_100gm.png,1.30,Ritz plain crackers 100gm
https://dei.com.sg/images/thumbnails/300/300/detailed/29/1472_Ritz_plain_crackers_300gm.png,2.80,Ritz plain crackers 300gm
https://dei.com.sg/images/thumbnails/300/300/detailed/29/1470_Ritz_sandwich_118g.png,1.60,Ritz sandwich 118g
https://dei.com.sg/images/thumbnails/300/300/product/24/Pokka_Blueberry_Tea_1500ml.png,2.05,Pokka Blueberry Tea 1500ml
https://dei.com.sg/images/thumbnails/300/300/product/24/Pokka_Blueberry_Tea_250mlX6_.png,2.60,Pokka Blueberry Tea 250mlX6
